nCodigo;nPadre;sCNAE;sDescripcion
1;0;A;Agricultura, ganadería, silvicultura y pesca
2;1;01;Agricultura, ganadería, caza y servicios relacionados con las mismas
3;2;011;Cultivos no perennes
4;3;0111;Cultivo de cereales (excepto arroz), leguminosas y semillas oleaginosas
5;3;0112;Cultivo de arroz
6;3;0113;Cultivo de hortalizas, raíces y tubérculos
7;3;0114;Cultivo de caña de azúcar
8;3;0115;Cultivo de tabaco
9;3;0116;Cultivo de plantas para fibras textiles
10;3;0119;Otros cultivos no perennes
11;2;012;Cultivos perennes
12;11;0121;Cultivo de la vid
13;11;0122;Cultivo de frutos tropicales y subtropicales
14;11;0123;Cultivo de cítricos
15;11;0124;Cultivo de frutos con hueso y pepitas
16;11;0125;Cultivo de otros árboles y arbustos frutales y frutos secos
17;11;0126;Cultivo de frutos oleaginosos
18;11;0127;Cultivo de plantas para bebidas
19;11;0128;Cultivo de especias, plantas aromáticas, medicinales y farmacéuticas
20;11;0129;Otros cultivos perennes
21;2;013;Propagación de plantas
22;21;0130;Propagación de plantas
23;2;014;Producción ganadera
24;23;0141;Explotación de ganado bovino para la producción de leche
25;23;0142;Explotación de otro ganado bovino y búfalos
26;23;0143;Explotación de caballos y otros equinos
27;23;0144;Explotación de camellos y otros camélidos
28;23;0145;Explotación de ganado ovino y caprino
29;23;0146;Explotación de ganado porcino
30;23;0147;Avicultura
31;23;0149;Otras explotaciones de ganado
32;2;015;Producción agrícola combinada con la producción ganadera
33;32;0150;Producción agrícola combinada con la producción ganadera
34;2;016;Actividades de apoyo a la agricultura, a la ganadería y de preparación posterior a la cosecha
35;34;0161;Actividades de apoyo a la agricultura
36;34;0162;Actividades de apoyo a la ganadería
37;34;0163;Actividades de preparación posterior a la cosecha
38;34;0164;Tratamiento de semillas para reproducción
39;2;017;Caza, captura de animales y servicios relacionados con las mismas
40;39;0170;Caza, captura de animales y servicios relacionados con las mismas
41;1;02;Silvicultura y explotación forestal
42;41;021;Silvicultura y otras actividades forestales
43;42;0210;Silvicultura y otras actividades forestales
44;41;022;Explotación de la madera
45;44;0220;Explotación de la madera
46;41;023;Recolección de productos silvestres, excepto madera
47;46;0230;Recolección de productos silvestres, excepto madera
48;41;024;Servicios de apoyo a la silvicultura
49;48;0240;Servicios de apoyo a la silvicultura
50;1;03;Pesca y acuicultura
51;50;031;Pesca
52;51;0311;Pesca marina
53;51;0312;Pesca en agua dulce
54;50;032;Acuicultura
55;54;0321;Acuicultura marina
56;54;0322;Acuicultura en agua dulce
57;0;B;Industrias extractivas
58;57;05;Extracción de antracita, hulla y lignito
59;58;051;Extracción de antracita y hulla
60;59;0510;Extracción de antracita y hulla
61;58;052;Extracción de lignito
62;61;0520;Extracción de lignito
63;57;06;Extracción de crudo de petróleo y gas natural
64;63;061;Extracción de crudo de petróleo
65;64;0610;Extracción de crudo de petróleo
66;63;062;Extracción de gas natural
67;66;0620;Extracción de gas natural
68;57;07;Extracción de minerales metálicos
69;68;071;Extracción de minerales de hierro
70;69;0710;Extracción de minerales de hierro
71;68;072;Extracción de minerales metálicos no férreos
72;71;0721;Extracción de minerales de uranio y torio
73;71;0729;Extracción de otros minerales metálicos no férreos
74;57;08;Otras industrias extractivas
75;74;081;Extracción de piedra, arena y arcilla
76;75;0811;Extracción de piedra ornamental y para la construcción, piedra caliza, yeso, creta y pizarra
77;75;0812;"Extracción de gravas y arenas; extracción de arcilla y caolín"
78;74;089;Industrias extractivas n.c.o.p.
79;78;0891;Extracción de minerales para productos químicos y fertilizantes
80;78;0892;Extracción de turba
81;78;0893;Extracción de sal
82;78;0899;Otras industrias extractivas n.c.o.p.
83;57;09;Actividades de apoyo a las industrias extractivas
84;83;091;Actividades de apoyo a la extracción de petróleo y gas natural
85;84;0910;Actividades de apoyo a la extracción de petróleo y gas natural
86;83;099;Actividades de apoyo a otras industrias extractivas
87;86;0990;Actividades de apoyo a otras industrias extractivas
88;0;C;Industria manufacturera
89;88;10;Industria de la alimentación
90;89;101;Procesado y conservación de carne y elaboración de productos cárnicos
91;90;1011;Procesado y conservación de carne
92;90;1012;Procesado y conservación de volatería
93;90;1013;Elaboración de productos cárnicos y de volatería
94;89;102;Procesado y conservación de pescados, crustáceos y moluscos
95;94;1021;Procesado de pescados, crustáceos y moluscos
96;94;1022;Fabricación de conservas de pescado
97;89;103;Procesado y conservación de frutas y hortalizas
98;97;1031;Procesado y conservación de patatas
99;97;1032;Elaboración de zumos de frutas y hortalizas
100;97;1039;Otro procesado y conservación de frutas y hortalizas
101;89;104;Fabricación de aceites y grasas vegetales y animales
102;101;1042;Fabricación de margarina y grasas comestibles similares
103;101;1043;Fabricación de aceite de oliva
104;101;1044;Fabricación de otros aceites y grasas
105;89;105;Fabricación de productos lácteos
106;105;1052;Elaboración de helados
107;105;1053;Fabricación de quesos
108;105;1054;Preparación de leche y otros productos lácteos
109;89;106;Fabricación de productos de molinería, almidones y productos amiláceos
110;109;1061;Fabricación de productos de molinería
111;109;1062;Fabricación de almidones y productos amiláceos
112;89;107;Fabricación de productos de panadería y pastas alimenticias
113;112;1071;Fabricación de pan y de productos frescos de panadería y pastelería
114;112;1072;Fabricación de galletas y productos de panadería y pastelería de larga duración
115;112;1073;Fabricación de pastas alimenticias, cuscús y productos similares
116;89;108;Fabricación de otros productos alimenticios
117;116;1081;Fabricación de azúcar
118;116;1082;Fabricación de cacao, chocolate y productos de confitería
119;116;1083;Elaboración de café, té e infusiones
120;116;1084;Elaboración de especias, salsas y condimentos
121;116;1085;Elaboración de platos y comidas preparados
122;116;1086;Elaboración de preparados alimenticios homogeneizados y alimentos dietéticos
123;116;1089;Elaboración de otros productos alimenticios n.c.o.p.
124;89;109;Fabricación de productos para la alimentación animal
125;124;1091;Fabricación de productos para la alimentación de animales de granja
126;124;1092;Fabricación de productos para la alimentación de animales de compañía
127;88;11;Fabricación de bebidas
128;127;110;Fabricación de bebidas
129;128;1101;Destilación, rectificación y mezcla de bebidas alcohólicas
130;128;1102;Elaboración de vinos
131;128;1103;Elaboración de sidra y otras bebidas fermentadas a partir de frutas
132;128;1104;Elaboración de otras bebidas no destiladas, procedentes de la fermentación
133;128;1105;Fabricación de cerveza
134;128;1106;Fabricación de malta
135;128;1107;"Fabricación de bebidas no alcohólicas; producción de aguas minerales y otras aguas embotelladas"
136;88;12;Industria del tabaco
137;136;120;Industria del tabaco
138;137;1200;Industria del tabaco
139;88;13;Industria textil
140;139;131;Preparación e hilado de fibras textiles
141;140;1310;Preparación e hilado de fibras textiles
142;139;132;Fabricación de tejidos textiles
143;142;1320;Fabricación de tejidos textiles
144;139;133;Acabado de textiles
145;144;1330;Acabado de textiles
146;139;139;Fabricación de otros productos textiles
147;146;1391;Fabricación de tejidos de punto
148;146;1392;Fabricación de artículos confeccionados con textiles, excepto prendas de vestir
149;146;1393;Fabricación de alfombras y moquetas
150;146;1394;Fabricación de cuerdas, cordeles, bramantes y redes
151;146;1395;Fabricación de telas no tejidas y artículos confeccionados con ellas, excepto prendas de vestir
152;146;1396;Fabricación de otros productos textiles de uso técnico e industrial
153;146;1399;Fabricación de otros productos textiles n.c.o.p.
154;88;14;Confección de prendas de vestir
155;154;141;Confección de prendas de vestir, excepto de peletería
156;155;1411;Confección de prendas de vestir de cuero
157;155;1412;Confección de ropa de trabajo
158;155;1413;Confección de otras prendas de vestir exteriores
159;155;1414;Confección de ropa interior
160;155;1419;Confección de otras prendas de vestir y accesorios
161;154;142;Fabricación de artículos de peletería
162;161;1420;Fabricación de artículos de peletería
163;154;143;Confección de prendas de vestir de punto
164;163;1431;Confección de calcetería
165;163;1439;Confección de otras prendas de vestir de punto
166;88;15;Industria del cuero y del calzado
167;166;151;"Preparación, curtido y acabado del cuero; fabricación de artículos de marroquinería, viaje y de guarnicionería y talabartería; preparación y teñido de pieles"
168;167;1511;"Preparación, curtido y acabado del cuero; preparación y teñido de pieles"
169;167;1512;Fabricación de artículos de marroquinería, viaje y de guarnicionería y talabartería
170;166;152;Fabricación de calzado
171;170;1520;Fabricación de calzado
172;88;16;"Industria de la madera y del corcho, excepto muebles; cestería y espartería"
173;172;161;Aserrado y cepillado de la madera
174;173;1610;Aserrado y cepillado de la madera
175;172;162;Fabricación de productos de madera, corcho, cestería y espartería
176;175;1621;Fabricación de chapas y tableros de madera
177;175;1622;Fabricación de suelos de madera ensamblados
178;175;1623;Fabricación de otras estructuras de madera y piezas de carpintería y ebanistería para la construcción
179;175;1624;Fabricación de envases y embalajes de madera
180;175;1629;"Fabricación de otros productos de madera; artículos de corcho, cestería y espartería"
181;88;17;Industria del papel
182;181;171;Fabricación de pasta papelera, papel y cartón
183;182;1711;Fabricación de pasta papelera
184;182;1712;Fabricación de papel y cartón
185;181;172;Fabricación de artículos de papel y de cartón
186;185;1721;"Fabricación de papel y cartón ondulados; fabricación de envases y embalajes de papel y cartón"
187;185;1722;Fabricación de artículos de papel y cartón para uso doméstico, sanitario e higiénico
188;185;1723;Fabricación de artículos de papelería
189;185;1724;Fabricación de papeles pintados
190;185;1729;Fabricación de otros artículos de papel y cartón
191;88;18;Artes gráficas y reproducción de soportes grabados
192;191;181;Artes gráficas y servicios relacionados con las mismas
193;192;1811;Artes gráficas y servicios relacionados con las mismas
194;192;1812;Otras actividades de impresión y artes gráficas
195;192;1813;Servicios de preimpresión y preparación de soportes
196;192;1814;Encuadernación y servicios relacionados con la misma
197;191;182;Reproducción de soportes grabados
198;197;1820;Reproducción de soportes grabados
199;88;19;Coquerías y refino de petróleo
200;199;191;Coquerías
201;200;1910;Coquerías
202;199;192;Refino de petróleo
203;202;1920;Refino de petróleo
204;88;20;Industria química
205;204;201;Fabricación de productos químicos básicos, compuestos nitrogenados, fertilizantes, plásticos y caucho sintético en formas primarias
206;205;2011;Fabricación de gases industriales
207;205;2012;Fabricación de colorantes y pigmentos
208;205;2013;Fabricación de otros productos básicos de química inorgánica
209;205;2014;Fabricación de otros productos básicos de química orgánica
210;205;2015;Fabricación de fertilizantes y compuestos nitrogenados
211;205;2016;Fabricación de plásticos en formas primarias
212;205;2017;Fabricación de caucho sintético en formas primarias
213;204;202;Fabricación de pesticidas y otros productos agroquímicos
214;213;2020;Fabricación de pesticidas y otros productos agroquímicos
215;204;203;"Fabricación de pinturas, barnices y revestimientos similares; tintas de imprenta y masillas"
216;215;2030;"Fabricación de pinturas, barnices y revestimientos similares; tintas de imprenta y masillas"
217;204;204;"Fabricación de jabones, detergentes y otros artículos de limpieza y abrillantamiento; fabricación de perfumes y cosméticos"
218;217;2041;Fabricación de jabones, detergentes y otros artículos de limpieza y abrillantamiento
219;217;2042;Fabricación de perfumes y cosméticos
220;204;205;Fabricación de otros productos químicos
221;220;2051;Fabricación de explosivos
222;220;2052;Fabricación de colas
223;220;2053;Fabricación de aceites esenciales
224;220;2059;Fabricación de otros productos químicos n.c.o.p.
225;204;206;Fabricación de fibras artificiales y sintéticas
226;225;2060;Fabricación de fibras artificiales y sintéticas
227;88;21;Fabricación de productos farmacéuticos
228;227;211;Fabricación de productos farmacéuticos de base
229;228;2110;Fabricación de productos farmacéuticos de base
230;227;212;Fabricación de especialidades farmacéuticas
231;230;2120;Fabricación de especialidades farmacéuticas
232;88;22;Fabricación de productos de caucho y plásticos
233;232;221;Fabricación de productos de caucho
234;233;2211;"Fabricación de neumáticos y cámaras de caucho; reconstrucción y recauchutado de neumáticos"
235;233;2219;Fabricación de otros productos de caucho
236;232;222;Fabricación de productos de plástico
237;236;2221;Fabricación de placas, hojas, tubos y perfiles de plástico
238;236;2222;Fabricación de envases y embalajes de plástico
239;236;2223;Fabricación de productos de plástico para la construcción
240;236;2229;Fabricación de otros productos de plástico
241;88;23;Fabricación de otros productos minerales no metálicos
242;241;231;Fabricación de vidrio y productos de vidrio
243;242;2311;Fabricación de vidrio plano
244;242;2312;Manipulado y transformación de vidrio plano
245;242;2313;Fabricación de vidrio hueco
246;242;2314;Fabricación de fibra de vidrio
247;242;2319;Fabricación y manipulado de otro vidrio, incluido el vidrio técnico
248;241;232;Fabricación de productos cerámicos refractarios
249;248;2320;Fabricación de productos cerámicos refractarios
250;241;233;Fabricación de productos cerámicos para la construcción
251;250;2331;Fabricación de azulejos y baldosas de cerámica
252;250;2332;Fabricación de ladrillos, tejas y productos de tierras cocidas para la construcción
253;241;234;Fabricación de otros productos cerámicos
254;253;2341;Fabricación de artículos cerámicos de uso doméstico y ornamental
255;253;2342;Fabricación de aparatos sanitarios cerámicos
256;253;2343;Fabricación de aisladores y piezas aislantes de material cerámico
257;253;2344;Fabricación de otros productos cerámicos de uso técnico
258;253;2349;Fabricación de otros productos cerámicos
259;241;235;Fabricación de cemento, cal y yeso
260;259;2351;Fabricación de cemento
261;259;2352;Fabricación de cal y yeso
262;241;236;Fabricación de elementos de hormigón, cemento y yeso
263;262;2361;Fabricación de elementos de hormigón para la construcción
264;262;2362;Fabricación de elementos de yeso para la construcción
265;262;2363;Fabricación de hormigón fresco
266;262;2364;Fabricación de mortero
267;262;2365;Fabricación de fibrocemento
268;262;2369;Fabricación de otros productos de hormigón, yeso y cemento
269;241;237;Corte, tallado y acabado de la piedra
270;269;2370;Corte, tallado y acabado de la piedra
271;241;239;Fabricación de productos abrasivos y productos minerales no metálicos n.c.o.p.
272;271;2391;Fabricación de productos abrasivos
273;271;2399;Fabricación de otros productos minerales no metálicos n.c.o.p.
274;88;24;"Metalurgia; fabricación de productos de hierro, acero y ferroaleaciones"
275;274;241;Fabricación de productos básicos de hierro, acero y ferroaleaciones
276;275;2410;Fabricación de productos básicos de hierro, acero y ferroaleaciones
277;274;242;Fabricación de tubos, tuberías, perfiles huecos y sus accesorios, de acero
278;277;2420;Fabricación de tubos, tuberías, perfiles huecos y sus accesorios, de acero
279;274;243;Fabricación de otros productos de primera transformación del acero
280;279;2431;Estirado en frío
281;279;2432;Laminación en frío
282;279;2433;Producción de perfiles en frío por conformación con plegado
283;279;2434;Trefilado en frío
284;274;244;Producción de metales preciosos y de otros metales no férreos
285;284;2441;Producción de metales preciosos
286;284;2442;Producción de aluminio
287;284;2443;Producción de plomo, zinc y estaño
288;284;2444;Producción de cobre
289;284;2445;Producción de otros metales no férreos
290;284;2446;Procesamiento de combustibles nucleares
291;274;245;Fundición de metales
292;291;2451;Fundición de hierro
293;291;2452;Fundición de acero
294;291;2453;Fundición de metales ligeros
295;291;2454;Fundición de otros metales no férreos
296;88;25;Fabricación de productos metálicos, excepto maquinaria y equipo
297;296;251;Fabricación de elementos metálicos para la construcción
298;297;2511;Fabricación de estructuras metálicas y sus componentes
299;297;2512;Fabricación de carpintería metálica
300;296;252;Fabricación de cisternas, grandes depósitos y contenedores de metal
301;300;2521;Fabricación de radiadores y calderas para calefacción central
302;300;2529;Fabricación de otras cisternas, grandes depósitos y contenedores de metal
303;296;253;Fabricación de generadores de vapor, excepto calderas de calefacción central
304;303;2530;Fabricación de generadores de vapor, excepto calderas de calefacción central
305;296;254;Fabricación de armas y municiones
306;305;2540;Fabricación de armas y municiones
307;296;255;"Forja, estampación y embutición de metales; metalurgia de polvos"
308;307;2550;"Forja, estampación y embutición de metales; metalurgia de polvos"
309;296;256;"Tratamiento y revestimiento de metales; ingeniería mecánica por cuenta de terceros"
310;309;2561;Tratamiento y revestimiento de metales
311;309;2562;Ingeniería mecánica por cuenta de terceros
312;296;257;Fabricación de artículos de cuchillería y cubertería, herramientas y ferretería
313;312;2571;Fabricación de artículos de cuchillería y cubertería
314;312;2572;Fabricación de cerraduras y herrajes
315;312;2573;Fabricación de herramientas
316;296;259;Fabricación de otros productos metálicos
317;316;2591;Fabricación de bidones y toneles de hierro o acero
318;316;2592;Fabricación de envases y embalajes metálicos ligeros
319;316;2593;Fabricación de productos de alambre, cadenas y muelles
320;316;2594;Fabricación de pernos y productos de tornillería
321;316;2599;Fabricación de otros productos metálicos n.c.o.p.
322;88;26;Fabricación de productos informáticos, electrónicos y ópticos
323;322;261;Fabricación de componentes electrónicos y circuitos impresos ensamblados
324;323;2611;Fabricación de componentes electrónicos
325;323;2612;Fabricación de circuitos impresos ensamblados
326;322;262;Fabricación de ordenadores y equipos periféricos
327;326;2620;Fabricación de ordenadores y equipos periféricos
328;322;263;Fabricación de equipos de telecomunicaciones
329;328;2630;Fabricación de equipos de telecomunicaciones
330;322;264;Fabricación de productos electrónicos de consumo
331;330;2640;Fabricación de productos electrónicos de consumo
332;322;265;"Fabricación de instrumentos y aparatos de medida, verificación y navegación; fabricación de relojes"
333;332;2651;Fabricación de instrumentos y aparatos de medida, verificación y navegación
334;332;2652;Fabricación de relojes
335;322;266;Fabricación de equipos de radiación, electromédicos y electroterapéuticos
336;335;2660;Fabricación de equipos de radiación, electromédicos y electroterapéuticos
337;322;267;Fabricación de instrumentos de óptica y equipo fotográfico
338;337;2670;Fabricación de instrumentos de óptica y equipo fotográfico
339;322;268;Fabricación de soportes magnéticos y ópticos
340;339;2680;Fabricación de soportes magnéticos y ópticos
341;88;27;Fabricación de material y equipo eléctrico
342;341;271;Fabricación de motores, generadores y transformadores eléctricos, y de aparatos de distribución y control eléctrico
343;342;2711;Fabricación de motores, generadores y transformadores eléctricos
344;342;2712;Fabricación de aparatos de distribución y control eléctrico
345;341;272;Fabricación de pilas y acumuladores eléctricos
346;345;2720;Fabricación de pilas y acumuladores eléctricos
347;341;273;Fabricación de cables y dispositivos de cableado
348;347;2731;Fabricación de cables de fibra óptica
349;347;2732;Fabricación de otros hilos y cables electrónicos y eléctricos
350;347;2733;Fabricación de dispositivos de cableado
351;341;274;Fabricación de lámparas y aparatos eléctricos de iluminación
352;351;2740;Fabricación de lámparas y aparatos eléctricos de iluminación
353;341;275;Fabricación de aparatos domésticos
354;353;2751;Fabricación de electrodomésticos
355;353;2752;Fabricación de aparatos domésticos no eléctricos
356;341;279;Fabricación de otro material y equipo eléctrico
357;356;2790;Fabricación de otro material y equipo eléctrico
358;88;28;Fabricación de maquinaria y equipo n.c.o.p.
359;358;281;Fabricación de maquinaria de uso general
360;359;2811;Fabricación de motores y turbinas, excepto los destinados a aeronaves, vehículos automóviles y ciclomotores
361;359;2812;Fabricación de equipos de transmisión hidráulica y neumática
362;359;2813;Fabricación de otras bombas y compresores
363;359;2814;Fabricación de otra grifería y válvulas
364;359;2815;Fabricación de cojinetes, engranajes y órganos mecánicos de transmisión
365;358;282;Fabricación de otra maquinaria de uso general
366;365;2821;Fabricación de hornos y quemadores
367;365;2822;Fabricación de maquinaria de elevación y manipulación
368;365;2823;Fabricación de máquinas y equipos de oficina, excepto equipos informáticos
369;365;2824;Fabricación de herramientas eléctricas manuales
370;365;2825;Fabricación de maquinaria de ventilación y refrigeración no doméstica
371;365;2829;Fabricación de otra maquinaria de uso general n.c.o.p.
372;358;283;Fabricación de maquinaria agraria y forestal
373;372;2830;Fabricación de maquinaria agraria y forestal
374;358;284;Fabricación de máquinas herramienta para trabajar el metal y otras máquinas herramienta
375;374;2841;Fabricación de máquinas herramienta para trabajar el metal
376;374;2849;Fabricación de otras máquinas herramienta
377;358;289;Fabricación de otra maquinaria para usos específicos
378;377;2891;Fabricación de maquinaria para la industria metalúrgica
379;377;2892;Fabricación de maquinaria para las industrias extractivas y de la construcción
380;377;2893;Fabricación de maquinaria para la industria de la alimentación, bebidas y tabaco
381;377;2894;Fabricación de maquinaria para las industrias textil, de la confección y del cuero
382;377;2895;Fabricación de maquinaria para la industria del papel y del cartón
383;377;2896;Fabricación de maquinaria para la industria del plástico y el caucho
384;377;2899;Fabricación de otra maquinaria para usos específicos n.c.o.p.
385;88;29;Fabricación de vehículos de motor, remolques y semirremolques
386;385;291;Fabricación de vehículos de motor
387;386;2910;Fabricación de vehículos de motor
388;385;292;"Fabricación de carrocerías para vehículos de motor; fabricación de remolques y semirremolques"
389;388;2920;"Fabricación de carrocerías para vehículos de motor; fabricación de remolques y semirremolques"
390;385;293;Fabricación de componentes, piezas y accesorios para vehículos de motor
391;390;2931;Fabricación de equipos eléctricos y electrónicos para vehículos de motor
392;390;2932;Fabricación de otros componentes, piezas y accesorios para vehículos de motor
393;88;30;Fabricación de otro material de transporte
394;393;301;Construcción naval
395;394;3011;Construcción de barcos y estructuras flotantes
396;394;3012;Construcción de embarcaciones de recreo y deporte
397;393;302;Fabricación de locomotoras y material ferroviario
398;397;3020;Fabricación de locomotoras y material ferroviario
399;393;303;Construcción aeronáutica y espacial y su maquinaria
400;399;3030;Construcción aeronáutica y espacial y su maquinaria
401;393;304;Fabricación de vehículos militares de combate
402;401;3040;Fabricación de vehículos militares de combate
403;393;309;Fabricación de otro material de transporte n.c.o.p.
404;403;3091;Fabricación de motocicletas
405;403;3092;Fabricación de bicicletas y de vehículos para personas con discapacidad
406;403;3099;Fabricación de otro material de transporte n.c.o.p.
407;88;31;Fabricación de muebles
408;407;310;Fabricación de muebles
409;408;3101;Fabricación de muebles de oficina y de establecimientos comerciales
410;408;3102;Fabricación de muebles de cocina
411;408;3103;Fabricación de colchones
412;408;3109;Fabricación de otros muebles
413;88;32;Otras industrias manufactureras
414;413;321;Fabricación de artículos de joyería, bisutería y similares
415;414;3211;Fabricación de monedas
416;414;3212;Fabricación de artículos de joyería y artículos similares
417;414;3213;Fabricación de artículos de bisutería y artículos similares
418;413;322;Fabricación de instrumentos musicales
419;418;3220;Fabricación de instrumentos musicales
420;413;323;Fabricación de artículos de deporte
421;420;3230;Fabricación de artículos de deporte
422;413;324;Fabricación de juegos y juguetes
423;422;3240;Fabricación de juegos y juguetes
424;413;325;Fabricación de instrumentos y suministros médicos y odontológicos
425;424;3250;Fabricación de instrumentos y suministros médicos y odontológicos
426;413;329;Industrias manufactureras n.c.o.p.
427;426;3291;Fabricación de escobas, brochas y cepillos
428;426;3299;Otras industrias manufactureras n.c.o.p.
429;88;33;Reparación e instalación de maquinaria y equipo
430;429;331;Reparación de productos metálicos, maquinaria y equipo
431;430;3311;Reparación de productos metálicos
432;430;3312;Reparación de maquinaria
433;430;3313;Reparación de equipos electrónicos y ópticos
434;430;3314;Reparación de equipos eléctricos
435;430;3315;Reparación y mantenimiento naval
436;430;3316;Reparación y mantenimiento aeronáutico y espacial
437;430;3317;Reparación y mantenimiento de otro material de transporte
438;430;3319;Reparación de otros equipos
439;429;332;Instalación de máquinas y equipos industriales
440;439;3320;Instalación de máquinas y equipos industriales
441;0;D;Suministro de energía eléctrica, gas, vapor y aire acondicionado
442;441;35;Suministro de energía eléctrica, gas, vapor y aire acondicionado
443;442;351;Producción, transporte y distribución de energía eléctrica
444;443;3512;Transporte de energía eléctrica
445;443;3513;Distribución de energía eléctrica
446;443;3514;Comercio de energía eléctrica
447;443;3515;Producción de energía hidroeléctrica
448;443;3516;Producción de energía eléctrica de origen térmico convencional
449;443;3517;Producción de energía eléctrica de origen nuclear
450;443;3518;Producción de energía eléctrica de origen eólico
451;443;3519;Producción de energía eléctrica de otros tipos
452;442;352;"Producción de gas; distribución por tubería de combustibles gaseosos"
453;452;3521;Producción de gas
454;452;3522;Distribución por tubería de combustibles gaseosos
455;452;3523;Comercio de gas por tubería
456;442;353;Suministro de vapor y aire acondicionado
457;456;3530;Suministro de vapor y aire acondicionado
458;0;E;Suministro de agua, actividades de saneamiento, gestión de residuos y descontaminación
459;458;36;Captación, depuración y distribución de agua
460;459;360;Captación, depuración y distribución de agua
461;460;3600;Captación, depuración y distribución de agua
462;458;37;Recogida y tratamiento de aguas residuales
463;462;370;Recogida y tratamiento de aguas residuales
464;463;3700;Recogida y tratamiento de aguas residuales
465;458;38;"Recogida, tratamiento y eliminación de residuos; valorización"
466;465;381;Recogida de residuos
467;466;3811;Recogida de residuos no peligrosos
468;466;3812;Recogida de residuos peligrosos
469;465;382;Tratamiento y eliminación de residuos
470;469;3821;Tratamiento y eliminación de residuos no peligrosos
471;469;3822;Tratamiento y eliminación de residuos peligrosos
472;465;383;Valorización
473;472;3831;Separación y clasificación de materiales
474;472;3832;Valorización de materiales ya clasificados
475;458;39;Actividades de descontaminación y otros servicios de gestión de residuos
476;475;390;Actividades de descontaminación y otros servicios de gestión de residuos
477;476;3900;Actividades de descontaminación y otros servicios de gestión de residuos
478;0;F;Construcción
479;478;41;Construcción de edificios
480;479;411;Promoción inmobiliaria
481;480;4110;Promoción inmobiliaria
482;479;412;Construcción de edificios
483;482;4121;Construcción de edificios residenciales
484;482;4122;Construcción de edificios no residenciales
485;478;42;Ingeniería civil
486;485;421;Construcción de carreteras y vías férreas, puentes y túneles
487;486;4211;Construcción de carreteras y autopistas
488;486;4212;Construcción de vías férreas de superficie y subterráneas
489;486;4213;Construcción de puentes y túneles
490;485;422;Construcción de redes
491;490;4221;Construcción de redes para fluidos
492;490;4222;Construcción de redes eléctricas y de telecomunicaciones
493;485;429;Construcción de otros proyectos de ingeniería civil
494;493;4291;Obras hidráulicas
495;493;4299;Construcción de otros proyectos de ingeniería civil n.c.o.p.
496;478;43;Actividades de construcción especializada
497;496;431;Demolición y preparación de terrenos
498;497;4311;Demolición
499;497;4312;Preparación de terrenos
500;497;4313;Perforaciones y sondeos
501;496;432;Instalaciones eléctricas, de fontanería y otras instalaciones en obras de construcción
502;501;4321;Instalaciones eléctricas
503;501;4322;Fontanería, instalaciones de sistemas de calefacción y aire acondicionado
504;501;4329;Otras instalaciones en obras de construcción
505;496;433;Acabado de edificios
506;505;4331;Revocamiento
507;505;4332;Instalación de carpintería
508;505;4333;Revestimiento de suelos y paredes
509;505;4334;Pintura y acristalamiento
510;505;4339;Otro acabado de edificios
511;496;439;Otras actividades de construcción especializada
512;511;4391;Construcción de cubiertas
513;511;4399;Otras actividades de construcción especializada n.c.o.p.
514;0;G;"Comercio al por mayor y al por menor; reparación de vehículos de motor y motocicletas"
515;514;45;Venta y reparación de vehículos de motor y motocicletas
516;515;451;Venta de vehículos de motor
517;516;4511;Venta de automóviles y vehículos de motor ligeros
518;516;4519;Venta de otros vehículos de motor
519;515;452;Mantenimiento y reparación de vehículos de motor
520;519;4520;Mantenimiento y reparación de vehículos de motor
521;515;453;Comercio de repuestos y accesorios de vehículos de motor
522;521;4531;Comercio al por mayor de repuestos y accesorios de vehículos de motor
523;521;4532;Comercio al por menor de repuestos y accesorios de vehículos de motor
524;515;454;Venta, mantenimiento y reparación de motocicletas y de sus repuestos y accesorios
525;524;4540;Venta, mantenimiento y reparación de motocicletas y de sus repuestos y accesorios
526;514;46;Comercio al por mayor e intermediarios del comercio, excepto de vehículos de motor y motocicletas
527;526;461;Intermediarios del comercio
528;527;4611;Intermediarios del comercio de materias primas agrarias, animales vivos, materias primas textiles y productos semielaborados
529;527;4612;Intermediarios del comercio de combustibles, minerales, metales y productos químicos industriales
530;527;4613;Intermediarios del comercio de la madera y materiales de construcción
531;527;4614;Intermediarios del comercio de maquinaria, equipo industrial, embarcaciones y aeronaves
532;527;4615;Intermediarios del comercio de muebles, artículos para el hogar y ferretería
533;527;4616;Intermediarios del comercio de textiles, prendas de vestir, peletería, calzado y artículos de cuero
534;527;4617;Intermediarios del comercio de productos alimenticios, bebidas y tabaco
535;527;4618;Intermediarios del comercio especializados en la venta de otros productos específicos
536;527;4619;Intermediarios del comercio de productos diversos
537;526;462;Comercio al por mayor de materias primas agrarias y de animales vivos
538;537;4621;Comercio al por mayor de cereales, tabaco en rama, simientes y alimentos para animales
539;537;4622;Comercio al por mayor de flores y plantas
540;537;4623;Comercio al por mayor de animales vivos
541;537;4624;Comercio al por mayor de cueros y pieles
542;526;463;Comercio al por mayor de productos alimenticios, bebidas y tabaco
543;542;4631;Comercio al por mayor de frutas y hortalizas
544;542;4632;Comercio al por mayor de carne y productos cárnicos
545;542;4633;Comercio al por mayor de productos lácteos, huevos, aceites y grasas comestibles
546;542;4634;Comercio al por mayor de bebidas
547;542;4635;Comercio al por mayor de productos del tabaco
548;542;4636;Comercio al por mayor de azúcar, chocolate y confitería
549;542;4637;Comercio al por mayor de café, té, cacao y especias
550;542;4638;Comercio al por mayor de pescados y mariscos y otros productos alimenticios
551;542;4639;Comercio al por mayor, no especializado, de productos alimenticios, bebidas y tabaco
552;526;464;Comercio al por mayor de artículos de uso doméstico
553;552;4641;Comercio al por mayor de textiles
554;552;4642;Comercio al por mayor de prendas de vestir y calzado
555;552;4643;Comercio al por mayor de aparatos electrodomésticos
556;552;4644;Comercio al por mayor de porcelana, cristalería y artículos de limpieza
557;552;4645;Comercio al por mayor de productos perfumería y cosmética
558;552;4646;Comercio al por mayor de productos farmacéuticos
559;552;4647;Comercio al por mayor de muebles, alfombras y aparatos de iluminación
560;552;4648;Comercio al por mayor de artículos de relojería y joyería
561;552;4649;Comercio al por mayor de otros artículos de uso doméstico
562;526;465;Comercio al por mayor de equipos para las tecnologías de la información y las comunicaciones
563;562;4651;Comercio al por mayor de ordenadores, equipos periféricos y programas informáticos
564;562;4652;Comercio al por mayor de equipos electrónicos y de telecomunicaciones y sus componentes
565;526;466;Comercio al por mayor de otra maquinaria, equipos y suministros
566;565;4661;Comercio al por mayor de maquinaria, equipos y suministros agrícolas
567;565;4662;Comercio al por mayor de máquinas herramienta
568;565;4663;Comercio al por mayor de maquinaria para la minería, la construcción y la ingeniería civil
569;565;4664;Comercio al por mayor de maquinaria para la industria textil y de máquinas de coser y tricotar
570;565;4665;Comercio al por mayor de muebles de oficina
571;565;4666;Comercio al por mayor de otra maquinaria y equipo de oficina
572;565;4669;Comercio al por mayor de otra maquinaria y equipo
573;526;467;Otro comercio al por mayor especializado
574;573;4671;Comercio al por mayor de combustibles sólidos, líquidos y gaseosos, y productos similares
575;573;4672;Comercio al por mayor de metales y minerales metálicos
576;573;4673;Comercio al por mayor de madera, materiales de construcción y aparatos sanitarios
577;573;4674;Comercio al por mayor de ferretería, fontanería y calefacción
578;573;4675;Comercio al por mayor de productos químicos
579;573;4676;Comercio al por mayor de otros productos semielaborados
580;573;4677;Comercio al por mayor de chatarra y productos de desecho
581;526;469;Comercio al por mayor no especializado
582;581;4690;Comercio al por mayor no especializado
583;514;47;Comercio al por menor, excepto de vehículos de motor y motocicletas
584;583;471;Comercio al por menor en establecimientos no especializados
585;584;4711;Comercio al por menor en establecimientos no especializados, con predominio en productos alimenticios, bebidas y tabaco
586;584;4719;Otro comercio al por menor en establecimientos no especializados
587;583;472;Comercio al por menor de productos alimenticios, bebidas y tabaco en establecimientos especializados
588;587;4721;Comercio al por menor de frutas y hortalizas en establecimientos especializados
589;587;4722;Comercio al por menor de carne y productos cárnicos en establecimientos especializados
590;587;4723;Comercio al por menor de pescados y mariscos en establecimientos especializados
591;587;4724;Comercio al por menor de pan y productos de panadería, confitería y pastelería en establecimientos especializados
592;587;4725;Comercio al por menor de bebidas en establecimientos especializados
593;587;4726;Comercio al por menor de productos de tabaco en establecimientos especializados
594;587;4729;Otro comercio al por menor de productos alimenticios en establecimientos especializados
595;583;473;Comercio al por menor de combustible para la automoción en establecimientos especializados
596;595;4730;Comercio al por menor de combustible para la automoción en establecimientos especializados
597;583;474;Comercio al por menor de equipos para las tecnologías de la información y las comunicaciones en establecimientos especializados
598;597;4741;Comercio al por menor de ordenadores, equipos periféricos y programas informáticos en establecimientos especializados
599;597;4742;Comercio al por menor de equipos de telecomunicaciones en establecimientos especializados
600;597;4743;Comercio al por menor de equipos de audio y vídeo en establecimientos especializados
601;583;475;Comercio al por menor de otros artículos de uso doméstico en establecimientos especializados
602;601;4751;Comercio al por menor de textiles en establecimientos especializados
603;601;4752;Comercio al por menor de ferretería, pintura y vidrio en establecimientos especializados
604;601;4753;Comercio al por menor de alfombras, moquetas y revestimientos de paredes y suelos en establecimientos especializados
605;601;4754;Comercio al por menor de aparatos electrodomésticos en establecimientos especializados
606;601;4759;Comercio al por menor de muebles, aparatos de iluminación y otros artículos de uso doméstico en establecimientos especializados
607;583;476;Comercio al por menor de artículos culturales y recreativos en establecimientos especializados
608;607;4761;Comercio al por menor de libros en establecimientos especializados
609;607;4762;Comercio al por menor de periódicos y artículos de papelería en establecimientos especializados
610;607;4763;Comercio al por menor de grabaciones de música y vídeo en establecimientos especializados
611;607;4764;Comercio al por menor de artículos deportivos en establecimientos especializados
612;607;4765;Comercio al por menor de juegos y juguetes en establecimientos especializados
613;583;477;Comercio al por menor de otros artículos en establecimientos especializados
614;613;4771;Comercio al por menor de prendas de vestir en establecimientos especializados
615;613;4772;Comercio al por menor de calzado y artículos de cuero en establecimientos especializados
616;613;4773;Comercio al por menor de productos farmacéuticos en establecimientos especializados
617;613;4774;Comercio al por menor de artículos médicos y ortopédicos en establecimientos especializados
618;613;4775;Comercio al por menor de productos cosméticos e higiénicos en establecimientos especializados
619;613;4776;Comercio al por menor de flores, plantas, semillas, fertilizantes, animales de compañía y alimentos para los mismos en establecimientos especializados
620;613;4777;Comercio al por menor de artículos de relojería y joyería en establecimientos especializados
621;613;4778;Otro comercio al por menor de artículos nuevos en establecimientos especializados
622;613;4779;Comercio al por menor de artículos de segunda mano en establecimientos
623;583;478;Comercio al por menor en puestos de venta y en mercadillos
624;623;4781;Comercio al por menor de productos alimenticios, bebidas y tabaco en puestos de venta y en mercadillos
625;623;4782;Comercio al por menor de productos textiles, prendas de vestir y calzado en puestos de venta y en mercadillos
626;623;4789;Comercio al por menor de otros productos en puestos de venta y en mercadillos
627;583;479;Comercio al por menor no realizado ni en establecimientos, ni en puestos de venta ni en mercadillos
628;627;4791;Comercio al por menor por correspondencia o Internet
629;627;4799;Otro comercio al por menor no realizado ni en establecimientos, ni en puestos de venta ni en mercadillos
630;0;H;Transporte y almacenamiento
631;630;49;Transporte terrestre y por tubería
632;631;491;Transporte interurbano de pasajeros por ferrocarril
633;632;4910;Transporte interurbano de pasajeros por ferrocarril
634;631;492;Transporte de mercancías por ferrocarril
635;634;4920;Transporte de mercancías por ferrocarril
636;631;493;Otro transporte terrestre de pasajeros
637;636;4931;Transporte terrestre urbano y suburbano de pasajeros
638;636;4932;Transporte por taxi
639;636;4939;tipos de transporte terrestre de pasajeros n.c.o.p.
640;631;494;Transporte de mercancías por carretera y servicios de mudanza
641;640;4941;Transporte de mercancías por carretera
642;640;4942;Servicios de mudanza
643;631;495;Transporte por tubería
644;643;4950;Transporte por tubería
645;630;50;Transporte marítimo y por vías navegables interiores
646;645;501;Transporte marítimo de pasajeros
647;646;5010;Transporte marítimo de pasajeros
648;645;502;Transporte marítimo de mercancías
649;648;5020;Transporte marítimo de mercancías
650;645;503;Transporte de pasajeros por vías navegables interiores
651;650;5030;Transporte de pasajeros por vías navegables interiores
652;645;504;Transporte de mercancías por vías navegables interiores
653;652;5040;Transporte de mercancías por vías navegables interiores
654;630;51;Transporte aéreo
655;654;511;Transporte aéreo de pasajeros
656;655;5110;Transporte aéreo de pasajeros
657;654;512;Transporte aéreo de mercancías y transporte espacial
658;657;5121;Transporte aéreo de mercancías
659;657;5122;Transporte espacial
660;630;52;Almacenamiento y actividades anexas al transporte
661;660;521;Depósito y almacenamiento
662;661;5210;Depósito y almacenamiento
663;660;522;Actividades anexas al transporte
664;663;5221;Actividades anexas al transporte terrestre
665;663;5222;Actividades anexas al transporte marítimo y por vías navegables interiores
666;663;5223;Actividades anexas al transporte aéreo
667;663;5224;Manipulación de mercancías
668;663;5229;Otras actividades anexas al transporte
669;630;53;Actividades postales y de correos
670;669;531;Actividades postales sometidas a la obligación del servicio universal
671;670;5310;Actividades postales sometidas a la obligación del servicio universal
672;669;532;Otras actividades postales y de correos
673;672;5320;Otras actividades postales y de correos
674;0;I;Hostelería
675;674;55;Servicios de alojamiento
676;675;551;Hoteles y alojamientos similares
677;676;5510;Hoteles y alojamientos similares
678;675;552;Alojamientos turísticos y otros alojamientos de corta estancia
679;678;5520;Alojamientos turísticos y otros alojamientos de corta estancia
680;675;553;Campings y aparcamientos para caravanas
681;680;5530;Campings y aparcamientos para caravanas
682;675;559;Otros alojamientos
683;682;5590;Otros alojamientos
684;674;56;Servicios de comidas y bebidas
685;684;561;Restaurantes y puestos de comidas
686;685;5610;Restaurantes y puestos de comidas
687;684;562;Provisión de comidas preparadas para eventos y otros servicios de comidas
688;687;5621;Provisión de comidas preparadas para eventos
689;687;5629;Otros servicios de comidas
690;684;563;Establecimientos de bebidas
691;690;5630;Establecimientos de bebidas
692;0;J;Información y comunicaciones
693;692;58;Edición
694;693;581;Edición de libros, periódicos y otras actividades editoriales
695;694;5811;Edición de libros
696;694;5812;Edición de directorios y guías de direcciones postales
697;694;5813;Edición de periódicos
698;694;5814;Edición de revistas
699;694;5819;Otras actividades editoriales
700;693;582;Edición de programas informáticos
701;700;5821;Edición de videojuegos
702;700;5829;Edición de otros programas informáticos
703;692;59;Actividades cinematográficas, de vídeo y de programas de televisión, grabación de sonido y edición musical
704;703;591;Actividades cinematográficas, de vídeo y de programas de televisión
705;704;5912;Actividades de postproducción cinematográfica, de vídeo y de programas de televisión
706;704;5914;Actividades de exhibición cinematográfica
707;704;5915;Actividades de producción cinematográfica y de vídeo
708;704;5916;Actividades de producciones de programas de televisión
709;704;5917;Actividades de distribución cinematográfica y de vídeo
710;704;5918;Actividades de distribución de programas de televisión
711;703;592;Actividades de grabación de sonido y edición musical
712;711;5920;Actividades de grabación de sonido y edición musical
713;692;60;Actividades de programación y emisión de radio y televisión
714;713;601;Actividades de radiodifusión
715;714;6010;Actividades de radiodifusión
716;713;602;Actividades de programación y emisión de televisión
717;716;6020;Actividades de programación y emisión de televisión
718;692;61;Telecomunicaciones
719;718;611;Telecomunicaciones por cable
720;719;6110;Telecomunicaciones por cable
721;718;612;Telecomunicaciones inalámbricas
722;721;6120;Telecomunicaciones inalámbricas
723;718;613;Telecomunicaciones por satélite
724;723;6130;Telecomunicaciones por satélite
725;718;619;Otras actividades de telecomunicaciones
726;725;6190;Otras actividades de telecomunicaciones
727;692;62;Programación, consultoría y otras actividades relacionadas con la informática
728;727;620;Programación, consultoría y otras actividades relacionadas con la informática
729;728;6201;Actividades de programación informática
730;728;6202;Actividades de consultoría informática
731;728;6203;Gestión de recursos informáticos
732;728;6209;Otros servicios relacionados con las tecnologías de la información y la informática
733;692;63;Servicios de información
734;733;631;"Proceso de datos, hosting y actividades relacionadas; portales web"
735;734;6311;Proceso de datos, hosting y actividades relacionadas
736;734;6312;Portales web
737;733;639;Otros servicios de información
738;737;6391;Actividades de las agencias de noticias
739;737;6399;Otros servicios de información n.c.o.p.
740;0;K;Actividades financieras y de seguros
741;740;64;Servicios financieros, excepto seguros y fondos de pensiones
742;741;641;Intermediación monetaria
743;742;6411;Banco central
744;742;6419;Otra intermediación monetaria
745;741;642;Actividades de las sociedades holding
746;745;6420;Actividades de las sociedades holding
747;741;643;Inversión colectiva, fondos y entidades financieras similares
748;747;6430;Inversión colectiva, fondos y entidades financieras similares
749;741;649;Otros servicios financieros, excepto seguros y fondos de pensiones
750;749;6491;Arrendamiento financiero
751;749;6492;Otras actividades crediticias
752;749;6499;Otros servicios financieros, excepto seguros y fondos de pensiones n.c.o.p.
753;740;65;Seguros, reaseguros y fondos de pensiones, excepto Seguridad Social obligatoria
754;753;651;Seguros
755;754;6511;Seguros de vida
756;754;6512;Seguros distintos de los seguros de vida
757;753;652;Reaseguros
758;757;6520;Reaseguros
759;753;653;Fondos de pensiones
760;759;6530;Fondos de pensiones
761;740;66;Actividades auxiliares a los servicios financieros y a los seguros
762;761;661;Actividades auxiliares a los servicios financieros, excepto seguros y fondos de pensiones
763;762;6611;Administración de mercados financieros
764;762;6612;Actividades de intermediación en operaciones con valores y otros activos
765;762;6619;Otras actividades auxiliares a los servicios financieros, excepto seguros y fondos de pensiones
766;761;662;Actividades auxiliares a seguros y fondos de pensiones
767;766;6621;Evaluación de riesgos y daños
768;766;6622;Actividades de agentes y corredores de seguros
769;766;6629;Otras actividades auxiliares a seguros y fondos de pensiones
770;761;663;Actividades de gestión de fondos
771;770;6630;Actividades de gestión de fondos
772;0;L;Actividades inmobiliarias
773;772;68;Actividades inmobiliarias
774;773;681;Compraventa de bienes inmobiliarios por cuenta propia
775;774;6810;Compraventa de bienes inmobiliarios por cuenta propia
776;773;682;Alquiler de bienes inmobiliarios por cuenta propia
777;776;6820;Alquiler de bienes inmobiliarios por cuenta propia
778;773;683;Actividades inmobiliarias por cuenta de terceros
779;778;6831;Agentes de la propiedad inmobiliaria
780;778;6832;Gestión y administración de la propiedad inmobiliaria
781;0;M;Actividades profesionales, científicas y técnicas
782;781;69;Actividades jurídicas y de contabilidad
783;782;691;Actividades jurídicas
784;783;6910;Actividades jurídicas
785;782;692;Actividades de contabilidad, teneduría de libros, auditoría y asesoría fiscal
786;785;6920;Actividades de contabilidad, teneduría de libros, auditoría y asesoría fiscal
787;781;70;"Actividades de las sedes centrales; actividades de consultoría de gestión empresarial"
788;787;701;Actividades de las sedes centrales
789;788;7010;Actividades de las sedes centrales
790;787;702;Actividades de consultoría de gestión empresarial
791;790;7021;Relaciones públicas y comunicación
792;790;7022;Otras actividades de consultoría de gestión empresarial
793;781;71;"Servicios técnicos de arquitectura e ingeniería; ensayos y análisis técnicos"
794;793;711;Servicios técnicos de arquitectura e ingeniería y otras actividades relacionadas con el asesoramiento técnico
795;794;7111;Servicios técnicos de arquitectura
796;794;7112;Servicios técnicos de ingeniería y otras actividades relacionadas con el asesoramiento técnico
797;793;712;Ensayos y análisis técnicos
798;797;7120;Ensayos y análisis técnicos
799;781;72;Investigación y desarrollo
800;799;721;Investigación y desarrollo experimental en ciencias naturales y técnicas
801;800;7211;Investigación y desarrollo experimental en biotecnología
802;800;7219;Otra investigación y desarrollo experimental en ciencias naturales y técnicas
803;799;722;Investigación y desarrollo experimental en ciencias sociales y humanidades
804;803;7220;Investigación y desarrollo experimental en ciencias sociales y humanidades
805;781;73;Publicidad y estudios de mercado
806;805;731;Publicidad
807;806;7311;Agencias de publicidad
808;806;7312;Servicios de representación de medios de comunicación
809;805;732;Estudio de mercado y realización de encuestas de opinión pública
810;809;7320;Estudio de mercado y realización de encuestas de opinión pública
811;781;74;Otras actividades profesionales, científicas y técnicas
812;811;741;Actividades de diseño especializado
813;812;7410;Actividades de diseño especializado
814;811;742;Actividades de fotografía
815;814;7420;Actividades de fotografía
816;811;743;Actividades de traducción e interpretación
817;816;7430;Actividades de traducción e interpretación
818;811;749;Otras actividades profesionales, científicas y técnicas n.c.o.p.
819;818;7490;Otras actividades profesionales, científicas y técnicas n.c.o.p.
820;781;75;Actividades veterinarias
821;820;750;Actividades veterinarias
822;821;7500;Actividades veterinarias
823;0;N;Actividades administrativas y servicios auxliares
824;823;77;Actividades de alquiler
825;824;771;Alquiler de vehículos de motor
826;825;7711;Alquiler de automóviles y vehículos de motor ligeros
827;825;7712;Alquiler de camiones
828;824;772;Alquiler de efectos personales y artículos de uso doméstico
829;828;7721;Alquiler de artículos de ocio y deportivos
830;828;7722;Alquiler de cintas de vídeo y discos
831;828;7729;Alquiler de otros efectos personales y artículos de uso doméstico
832;824;773;Alquiler de otra maquinaria, equipos y bienes tangibles
833;832;7731;Alquiler de maquinaria y equipo de uso agrícola
834;832;7732;Alquiler de maquinaria y equipo para la construcción e ingeniería civil
835;832;7733;Alquiler de maquinaria y equipo de oficina, incluidos ordenadores
836;832;7734;Alquiler de medios de navegación
837;832;7735;Alquiler de medios de transporte aéreo
838;832;7739;Alquiler de otra maquinaria, equipos y bienes tangibles n.c.o.p.
839;824;774;Arrendamiento de la propiedad intelectual y productos similares, excepto trabajos protegidos por los derechos de autor
840;839;7740;Arrendamiento de la propiedad intelectual y productos similares, excepto trabajos protegidos por los derechos de autor
841;823;78;Actividades relacionadas con el empleo
842;841;781;Actividades de las agencias de colocación
843;842;7810;Actividades de las agencias de colocación
844;841;782;Actividades de las empresas de trabajo temporal
845;844;7820;Actividades de las empresas de trabajo temporal
846;841;783;Otra provisión de recursos humanos
847;846;7830;Otra provisión de recursos humanos
848;823;79;Actividades de agencias de viajes, operadores turísticos, servicios de reservas y actividades relacionadas con los mismos
849;848;791;Actividades de agencias de viajes y operadores turísticos
850;849;7911;Actividades de las agencias de viajes
851;849;7912;Actividades de los operadores turísticos
852;848;799;Otros servicios de reservas y actividades relacionadas con los mismos
853;852;7990;Otros servicios de reservas y actividades relacionadas con los mismos
854;823;80;Actividades de seguridad e investigación
855;854;801;Actividades de seguridad privada
856;855;8010;Actividades de seguridad privada
857;854;802;Servicios de sistemas de seguridad
858;857;8020;Servicios de sistemas de seguridad
859;854;803;Actividades de investigación
860;859;8030;Actividades de investigación
861;823;81;Servicios a edificios y actividades de jardinería
862;861;811;Servicios integrales a edificios e instalaciones
863;862;8110;Servicios integrales a edificios e instalaciones
864;861;812;Actividades de limpieza
865;864;8121;Limpieza general de edificios
866;864;8122;Otras actividades de limpieza industrial y de edificios
867;864;8129;Otras actividades de limpieza
868;861;813;Actividades de jardinería
869;868;8130;Actividades de jardinería
870;823;82;Actividades administrativas de oficina y otras actividades auxiliares a las empresas
871;870;821;Actividades administrativas y auxiliares de oficina
872;871;8211;Servicios administrativos combinados
873;871;8219;Actividades de fotocopiado, preparación de documentos y otras actividades especializadas de oficina
874;870;822;Actividades de los centros de llamadas
875;874;8220;Actividades de los centros de llamadas
876;870;823;Organización de convenciones y ferias de muestras
877;876;8230;Organización de convenciones y ferias de muestras
878;870;829;Actividades de apoyo a las empresas n.c.o.p.
879;878;8291;Actividades de las agencias de cobros y de información comercial
880;878;8292;Actividades de envasado y empaquetado
881;878;8299;Otras actividades de apoyo a las empresas n.c.o.p.
882;0;O;"Administración Pública y defensa; Seguridad Social obligatoria"
883;882;84;"Administración Pública y defensa; Seguridad Social obligatoria"
884;883;841;Administración Pública y de la política económica y social
885;884;8411;Actividades generales de la Administración Pública
886;884;8412;Regulación de las actividades sanitarias, educativas y culturales y otros servicios sociales, excepto Seguridad Social
887;884;8413;Regulación de la actividad económica y contribución a su mayor eficiencia
888;883;842;Prestación de servicios a la comunidad en general
889;888;8421;Asuntos exteriores
890;888;8422;Defensa
891;888;8423;Justicia
892;888;8424;Orden público y seguridad
893;888;8425;Protección civil
894;883;843;Seguridad Social obligatoria
895;894;8430;Seguridad Social obligatoria
896;0;P;Educación
897;896;85;Educación
898;897;851;Educación preprimaria
899;898;8510;Educación preprimaria
900;897;852;Educación primaria
901;900;8520;Educación primaria
902;897;853;Educación secundaria
903;902;8531;Educación secundaria general
904;902;8532;Educación secundaria técnica y profesional
905;897;854;Educación postsecundaria
906;905;8541;Educación postsecundaria no terciaria
907;905;8543;Educación universitaria
908;905;8544;Educación terciaria no universitaria
909;897;855;Otra educación
910;909;8551;Educación deportiva y recreativa
911;909;8552;Educación cultural
912;909;8553;Actividades de las escuelas de conducción y pilotaje
913;909;8559;Otra educación n.c.o.p.
914;897;856;Actividades auxiliares a la educación
915;914;8560;Actividades auxiliares a la educación
916;0;Q;Actividades sanitarias y de servicios sociales
917;916;86;Actividades sanitarias
918;917;861;Actividades hospitalarias
919;918;8610;Actividades hospitalarias
920;917;862;Actividades médicas y odontológicas
921;920;8621;Actividades de medicina general
922;920;8622;Actividades de medicina especializada
923;920;8623;Actividades odontológicas
924;917;869;Otras actividades sanitarias
925;924;8690;Otras actividades sanitarias
926;916;87;Asistencia en establecimientos residenciales
927;926;871;Asistencia en establecimientos residenciales con cuidados sanitarios
928;927;8710;Asistencia en establecimientos residenciales con cuidados sanitarios
929;926;872;Asistencia en establecimientos residenciales para personas con discapacidad intelectual, enfermedad mental y drogodependencia
930;929;8720;Asistencia en establecimientos residenciales para personas con discapacidad intelectual, enfermedad mental y drogodependencia
931;926;873;Asistencia en establecimientos residenciales para personas mayores y con discapacidad física
932;931;8731;Asistencia en establecimientos residenciales para personas mayores
933;931;8732;Asistencia en establecimientos residenciales para personas con discapacidad física
934;926;879;Otras actividades de asistencia en establecimientos residenciales
935;934;8790;Otras actividades de asistencia en establecimientos residenciales
936;916;88;Actividades de servicios sociales sin alojamiento
937;936;881;Actividades de servicios sociales sin alojamiento para personas mayores y con discapacidad
938;937;8811;Actividades de servicios sociales sin alojamiento para personas mayores
939;937;8812;Actividades de servicios sociales sin alojamiento para personas con discapacidad
940;936;889;Otros actividades de servicios sociales sin alojamiento
941;940;8891;Actividades de cuidado diurno de niños
942;940;8899;Otros actividades de servicios sociales sin alojamiento n.c.o.p.
943;0;R;Actividades artísticas, recreativas y de entrenimiento
944;943;90;Actividades de creación, artísticas y espectáculos
945;944;900;Actividades de creación, artísticas y espectáculos
946;945;9001;Artes escénicas
947;945;9002;Actividades auxiliares a las artes escénicas
948;945;9003;Creación artística y literaria
949;945;9004;Gestión de salas de espectáculos
950;943;91;Actividades de bibliotecas, archivos, museos y otras actividades culturales
951;950;910;Actividades de bibliotecas, archivos, museos y otras actividades culturales
952;951;9102;Actividades de museos
953;951;9103;Gestión de lugares y edificios históricos
954;951;9104;Actividades de los jardines botánicos, parques zoológicos y reservas naturales
955;951;9105;Actividades de bibliotecas
956;951;9106;Actividades de archivos
957;943;92;Actividades de juegos de azar y apuestas
958;957;920;Actividades de juegos de azar y apuestas
959;958;9200;Actividades de juegos de azar y apuestas
960;943;93;Actividades deportivas, recreativas y de entretenimiento
961;960;931;Actividades deportivas
962;961;9311;Gestión de instalaciones deportivas
963;961;9312;Actividades de los clubes deportivos
964;961;9313;Actividades de los gimnasios
965;961;9319;Otras actividades deportivas
966;960;932;Actividades recreativas y de entretenimiento
967;966;9321;Actividades de los parques de atracciones y los parques temáticos
968;966;9329;Otras actividades recreativas y de entretenimiento
969;0;S;Otros servicios
970;969;94;Actividades asociativas
971;970;941;Actividades de organizaciones empresariales, profesionales y patronales
972;971;9411;Actividades de organizaciones empresariales y patronales
973;971;9412;Actividades de organizaciones profesionales
974;970;942;Actividades sindicales
975;974;9420;Actividades sindicales
976;970;949;Otras actividades asociativas
977;976;9491;Actividades de organizaciones religiosas
978;976;9492;Actividades de organizaciones políticas
979;976;9499;Otras actividades asociativas n.c.o.p.
980;969;95;Reparación de ordenadores, efectos personales y artículos de uso doméstico
981;980;951;Reparación de ordenadores y equipos de comunicación
982;981;9511;Reparación de ordenadores y equipos periféricos
983;981;9512;Reparación de equipos de comunicación
984;980;952;Reparación de efectos personales y artículos de uso doméstico
985;984;9521;Reparación de aparatos electrónicos de audio y vídeo de uso doméstico
986;984;9522;Reparación de aparatos electrodomésticos y de equipos para el hogar y el jardín
987;984;9523;Reparación de calzado y artículos de cuero
988;984;9524;Reparación de muebles y artículos de menaje
989;984;9525;Reparación de relojes y joyería
990;984;9529;Reparación de otros efectos personales y artículos de uso doméstico
991;969;96;Otros servicios personales
992;991;960;Otros servicios personales
993;992;9601;Lavado y limpieza de prendas textiles y de piel
994;992;9602;Peluquería y otros tratamientos de belleza
995;992;9603;Pompas fúnebres y actividades relacionadas
996;992;9604;Actividades de mantenimiento físico
997;992;9609;Otras servicios personales n.c.o.p.
998;0;T;"Actividades de los hogares como empleadores de personal doméstico; actividades de los hogares como productores de bienes y servicios para uso propio"
999;998;97;Actividades de los hogares como empleadores de personal doméstico
1000;999;970;Actividades de los hogares como empleadores de personal doméstico
1001;1000;9700;Actividades de los hogares como empleadores de personal doméstico
1002;998;98;Actividades de los hogares como productores de bienes y servicios para uso propio
1003;1002;981;Actividades de los hogares como productores de bienes para uso propio
1004;1003;9810;Actividades de los hogares como productores de bienes para uso propio
1005;1002;982;Actividades de los hogares como productores de servicios para uso propio
1006;1005;9820;Actividades de los hogares como productores de servicios para uso propio
1007;0;U;Actividades de organizaciones y organismos extraterritoriales
1008;1007;99;Actividades de organizaciones y organismos extraterritoriales
1009;1008;990;Actividades de organizaciones y organismos extraterritoriales
1010;1009;9900;Actividades de organizaciones y organismos extraterritoriales
